repo	sha	workflow	status	conclusion	url
css-visual-diff	8559422	Dependency Graph	completed	success	https://github.com/go-go-golems/css-visual-diff/actions/runs/26575682282
css-visual-diff	8559422	Secret Scanning	completed	failure	https://github.com/go-go-golems/css-visual-diff/actions/runs/26575679230
css-visual-diff	8559422	golangci-lint	completed	success	https://github.com/go-go-golems/css-visual-diff/actions/runs/26575679231
css-visual-diff	8559422	Dependency Scanning	completed	success	https://github.com/go-go-golems/css-visual-diff/actions/runs/26575679228
css-visual-diff	8559422	CodeQL Analysis	completed	success	https://github.com/go-go-golems/css-visual-diff/actions/runs/26575679313
css-visual-diff	8559422	golang-pipeline	completed	success	https://github.com/go-go-golems/css-visual-diff/actions/runs/26575679227
discord-bot	56cf258	Secret Scanning	completed	failure	https://github.com/go-go-golems/discord-bot/actions/runs/26575712545
discord-bot	56cf258	golang-pipeline	completed	success	https://github.com/go-go-golems/discord-bot/actions/runs/26575712603
discord-bot	56cf258	golangci-lint	completed	success	https://github.com/go-go-golems/discord-bot/actions/runs/26575712661
discord-bot	56cf258	CodeQL Analysis	completed	success	https://github.com/go-go-golems/discord-bot/actions/runs/26575712604
discord-bot	56cf258	Dependency Scanning	completed	success	https://github.com/go-go-golems/discord-bot/actions/runs/26575712656
go-minitrace	64a7d96	Dependency Graph	completed	success	https://github.com/go-go-golems/go-minitrace/actions/runs/26575860858
go-minitrace	64a7d96	Secret Scanning	completed	failure	https://github.com/go-go-golems/go-minitrace/actions/runs/26575858642
go-minitrace	64a7d96	golangci-lint	completed	success	https://github.com/go-go-golems/go-minitrace/actions/runs/26575858962
go-minitrace	64a7d96	CodeQL Analysis	completed	success	https://github.com/go-go-golems/go-minitrace/actions/runs/26575858747
go-minitrace	64a7d96	golang-pipeline	completed	success	https://github.com/go-go-golems/go-minitrace/actions/runs/26575858745
go-minitrace	64a7d96	Dependency Scanning	completed	success	https://github.com/go-go-golems/go-minitrace/actions/runs/26575858744
workspace-manager	c5671c1	Dependency Graph	completed	success	https://github.com/go-go-golems/workspace-manager/actions/runs/26575952575
workspace-manager	c5671c1	Dependency Scanning	completed	success	https://github.com/go-go-golems/workspace-manager/actions/runs/26575950886
workspace-manager	c5671c1	Secret Scanning	completed	failure	https://github.com/go-go-golems/workspace-manager/actions/runs/26575950951
workspace-manager	c5671c1	golangci-lint	completed	success	https://github.com/go-go-golems/workspace-manager/actions/runs/26575950943
workspace-manager	c5671c1	CodeQL	completed	success	https://github.com/go-go-golems/workspace-manager/actions/runs/26575950832
workspace-manager	c5671c1	golang-pipeline	completed	success	https://github.com/go-go-golems/workspace-manager/actions/runs/26575950947
geppetto	b76c6b8	Secret Scanning	completed	failure	https://github.com/go-go-golems/geppetto/actions/runs/26575200389
geppetto	b76c6b8	golang-pipeline	completed	success	https://github.com/go-go-golems/geppetto/actions/runs/26575200724
geppetto	b76c6b8	golangci-lint	completed	success	https://github.com/go-go-golems/geppetto/actions/runs/26575200720
geppetto	b76c6b8	Dependency Scanning	completed	success	https://github.com/go-go-golems/geppetto/actions/runs/26575200544
geppetto	b76c6b8	CodeQL Analysis	completed	success	https://github.com/go-go-golems/geppetto/actions/runs/26575200417
goja-git	cbf40b8	golang-pipeline	completed	success	https://github.com/go-go-golems/goja-git/actions/runs/26576059735
goja-git	cbf40b8	golangci-lint	completed	success	https://github.com/go-go-golems/goja-git/actions/runs/26576059724
goja-git	cbf40b8	Secret Scanning	completed	failure	https://github.com/go-go-golems/goja-git/actions/runs/26576059778
loupedeck	4d704f2	Dependency Graph	completed	success	https://github.com/go-go-golems/loupedeck/actions/runs/26576042744
loupedeck	4d704f2	Secret Scanning	completed	failure	https://github.com/go-go-golems/loupedeck/actions/runs/26576041166
loupedeck	4d704f2	ci	completed	success	https://github.com/go-go-golems/loupedeck/actions/runs/26576041168
loupedeck	4d704f2	golangci-lint	completed	success	https://github.com/go-go-golems/loupedeck/actions/runs/26576041173
loupedeck	4d704f2	CodeQL Analysis	completed	success	https://github.com/go-go-golems/loupedeck/actions/runs/26576041256
loupedeck	4d704f2	Dependency Scanning	completed	success	https://github.com/go-go-golems/loupedeck/actions/runs/26576041167
go-go-goja	457c378	Secret Scanning	completed	failure	https://github.com/go-go-golems/go-go-goja/actions/runs/26577375857
go-go-goja	457c378	publish-image	completed	failure	https://github.com/go-go-golems/go-go-goja/actions/runs/26577375844
go-go-goja	457c378	Dependency Scanning	completed	success	https://github.com/go-go-golems/go-go-goja/actions/runs/26577375966
go-go-goja	457c378	golangci-lint	completed	success	https://github.com/go-go-golems/go-go-goja/actions/runs/26577375810
go-go-goja	457c378	golang-pipeline	completed	success	https://github.com/go-go-golems/go-go-goja/actions/runs/26577375925
go-go-goja	457c378	CodeQL Analysis	completed	success	https://github.com/go-go-golems/go-go-goja/actions/runs/26577376097
